,startIdx,endIdx,relationship
0,5.0,4.0,"""HAS_COMPONENT"""
1,6.0,4.0,"""HAS_COMPONENT"""
2,7.0,4.0,"""HAS_COMPONENT"""
3,0.0,4.0,"""HAS_COMPONENT"""
655,51.0,38.0,"""HAS_COMPONENT"""
656,51.0,31.0,"""HAS_COMPONENT"""
657,51.0,34.0,"""HAS_COMPONENT"""
658,51.0,32.0,"""HAS_COMPONENT"""
659,51.0,18.0,"""HAS_COMPONENT"""
660,51.0,42.0,"""HAS_COMPONENT"""
661,51.0,21.0,"""HAS_COMPONENT"""
662,51.0,44.0,"""HAS_COMPONENT"""
663,51.0,28.0,"""HAS_COMPONENT"""
664,51.0,23.0,"""HAS_COMPONENT"""
665,51.0,22.0,"""HAS_COMPONENT"""
666,51.0,16.0,"""HAS_COMPONENT"""
667,51.0,40.0,"""HAS_COMPONENT"""
668,51.0,33.0,"""HAS_COMPONENT"""
669,51.0,41.0,"""HAS_COMPONENT"""
670,51.0,17.0,"""HAS_COMPONENT"""
671,51.0,43.0,"""HAS_COMPONENT"""
672,51.0,27.0,"""HAS_COMPONENT"""
673,51.0,20.0,"""HAS_COMPONENT"""
674,51.0,25.0,"""HAS_COMPONENT"""
675,51.0,35.0,"""HAS_COMPONENT"""
676,51.0,36.0,"""HAS_COMPONENT"""
677,51.0,39.0,"""HAS_COMPONENT"""
678,51.0,24.0,"""HAS_COMPONENT"""
679,51.0,30.0,"""HAS_COMPONENT"""
680,51.0,37.0,"""HAS_COMPONENT"""
681,51.0,29.0,"""HAS_COMPONENT"""
682,51.0,26.0,"""HAS_COMPONENT"""
683,51.0,19.0,"""HAS_COMPONENT"""
684,52.0,38.0,"""HAS_COMPONENT"""
685,52.0,31.0,"""HAS_COMPONENT"""
686,52.0,34.0,"""HAS_COMPONENT"""
687,52.0,32.0,"""HAS_COMPONENT"""
688,52.0,18.0,"""HAS_COMPONENT"""
689,52.0,42.0,"""HAS_COMPONENT"""
690,52.0,21.0,"""HAS_COMPONENT"""
691,52.0,44.0,"""HAS_COMPONENT"""
692,52.0,28.0,"""HAS_COMPONENT"""
693,52.0,23.0,"""HAS_COMPONENT"""
694,52.0,22.0,"""HAS_COMPONENT"""
695,52.0,16.0,"""HAS_COMPONENT"""
696,52.0,40.0,"""HAS_COMPONENT"""
697,52.0,33.0,"""HAS_COMPONENT"""
698,52.0,41.0,"""HAS_COMPONENT"""
699,52.0,17.0,"""HAS_COMPONENT"""
700,52.0,43.0,"""HAS_COMPONENT"""
701,52.0,27.0,"""HAS_COMPONENT"""
702,52.0,20.0,"""HAS_COMPONENT"""
703,52.0,25.0,"""HAS_COMPONENT"""
704,52.0,35.0,"""HAS_COMPONENT"""
705,52.0,36.0,"""HAS_COMPONENT"""
706,52.0,39.0,"""HAS_COMPONENT"""
707,52.0,24.0,"""HAS_COMPONENT"""
708,52.0,30.0,"""HAS_COMPONENT"""
709,52.0,37.0,"""HAS_COMPONENT"""
710,52.0,29.0,"""HAS_COMPONENT"""
711,52.0,26.0,"""HAS_COMPONENT"""
712,52.0,19.0,"""HAS_COMPONENT"""
713,53.0,38.0,"""HAS_COMPONENT"""
714,53.0,31.0,"""HAS_COMPONENT"""
715,53.0,34.0,"""HAS_COMPONENT"""
716,53.0,32.0,"""HAS_COMPONENT"""
717,53.0,18.0,"""HAS_COMPONENT"""
718,53.0,42.0,"""HAS_COMPONENT"""
719,53.0,21.0,"""HAS_COMPONENT"""
720,53.0,44.0,"""HAS_COMPONENT"""
721,53.0,28.0,"""HAS_COMPONENT"""
722,53.0,23.0,"""HAS_COMPONENT"""
723,53.0,22.0,"""HAS_COMPONENT"""
724,53.0,16.0,"""HAS_COMPONENT"""
725,53.0,40.0,"""HAS_COMPONENT"""
726,53.0,33.0,"""HAS_COMPONENT"""
727,53.0,41.0,"""HAS_COMPONENT"""
728,53.0,17.0,"""HAS_COMPONENT"""
729,53.0,43.0,"""HAS_COMPONENT"""
730,53.0,27.0,"""HAS_COMPONENT"""
731,53.0,20.0,"""HAS_COMPONENT"""
732,53.0,25.0,"""HAS_COMPONENT"""
733,53.0,35.0,"""HAS_COMPONENT"""
734,53.0,36.0,"""HAS_COMPONENT"""
735,53.0,39.0,"""HAS_COMPONENT"""
736,53.0,24.0,"""HAS_COMPONENT"""
737,53.0,30.0,"""HAS_COMPONENT"""
738,53.0,37.0,"""HAS_COMPONENT"""
739,53.0,29.0,"""HAS_COMPONENT"""
740,53.0,26.0,"""HAS_COMPONENT"""
741,53.0,19.0,"""HAS_COMPONENT"""
742,0.0,38.0,"""HAS_COMPONENT"""
743,0.0,31.0,"""HAS_COMPONENT"""
744,0.0,34.0,"""HAS_COMPONENT"""
745,0.0,32.0,"""HAS_COMPONENT"""
746,0.0,18.0,"""HAS_COMPONENT"""
747,0.0,42.0,"""HAS_COMPONENT"""
748,0.0,21.0,"""HAS_COMPONENT"""
749,0.0,44.0,"""HAS_COMPONENT"""
750,0.0,28.0,"""HAS_COMPONENT"""
751,0.0,23.0,"""HAS_COMPONENT"""
752,0.0,22.0,"""HAS_COMPONENT"""
753,0.0,16.0,"""HAS_COMPONENT"""
754,0.0,40.0,"""HAS_COMPONENT"""
755,0.0,33.0,"""HAS_COMPONENT"""
756,0.0,41.0,"""HAS_COMPONENT"""
757,0.0,17.0,"""HAS_COMPONENT"""
758,0.0,43.0,"""HAS_COMPONENT"""
759,0.0,27.0,"""HAS_COMPONENT"""
760,0.0,20.0,"""HAS_COMPONENT"""
761,0.0,25.0,"""HAS_COMPONENT"""
762,0.0,35.0,"""HAS_COMPONENT"""
763,0.0,36.0,"""HAS_COMPONENT"""
764,0.0,39.0,"""HAS_COMPONENT"""
765,0.0,24.0,"""HAS_COMPONENT"""
766,0.0,30.0,"""HAS_COMPONENT"""
767,0.0,37.0,"""HAS_COMPONENT"""
768,0.0,29.0,"""HAS_COMPONENT"""
769,0.0,26.0,"""HAS_COMPONENT"""
770,0.0,19.0,"""HAS_COMPONENT"""
8121,66.0,58.0,"""HAS_COMPONENT"""
8122,66.0,62.0,"""HAS_COMPONENT"""
8123,66.0,63.0,"""HAS_COMPONENT"""
8124,66.0,61.0,"""HAS_COMPONENT"""
8125,66.0,57.0,"""HAS_COMPONENT"""
8126,66.0,64.0,"""HAS_COMPONENT"""
8127,66.0,59.0,"""HAS_COMPONENT"""
8128,66.0,60.0,"""HAS_COMPONENT"""
8129,67.0,58.0,"""HAS_COMPONENT"""
8130,67.0,62.0,"""HAS_COMPONENT"""
8131,67.0,63.0,"""HAS_COMPONENT"""
8132,67.0,61.0,"""HAS_COMPONENT"""
8133,67.0,57.0,"""HAS_COMPONENT"""
8134,67.0,64.0,"""HAS_COMPONENT"""
8135,67.0,59.0,"""HAS_COMPONENT"""
8136,67.0,60.0,"""HAS_COMPONENT"""
8137,68.0,58.0,"""HAS_COMPONENT"""
8138,68.0,62.0,"""HAS_COMPONENT"""
8139,68.0,63.0,"""HAS_COMPONENT"""
8140,68.0,61.0,"""HAS_COMPONENT"""
8141,68.0,57.0,"""HAS_COMPONENT"""
8142,68.0,64.0,"""HAS_COMPONENT"""
8143,68.0,59.0,"""HAS_COMPONENT"""
8144,68.0,60.0,"""HAS_COMPONENT"""
8145,69.0,58.0,"""HAS_COMPONENT"""
8146,69.0,62.0,"""HAS_COMPONENT"""
8147,69.0,63.0,"""HAS_COMPONENT"""
8148,69.0,61.0,"""HAS_COMPONENT"""
8149,69.0,57.0,"""HAS_COMPONENT"""
8150,69.0,64.0,"""HAS_COMPONENT"""
8151,69.0,59.0,"""HAS_COMPONENT"""
8152,69.0,60.0,"""HAS_COMPONENT"""
8153,70.0,58.0,"""HAS_COMPONENT"""
8154,70.0,62.0,"""HAS_COMPONENT"""
8155,70.0,63.0,"""HAS_COMPONENT"""
8156,70.0,61.0,"""HAS_COMPONENT"""
8157,70.0,57.0,"""HAS_COMPONENT"""
8158,70.0,64.0,"""HAS_COMPONENT"""
8159,70.0,59.0,"""HAS_COMPONENT"""
8160,70.0,60.0,"""HAS_COMPONENT"""
8161,0.0,58.0,"""HAS_COMPONENT"""
8162,0.0,62.0,"""HAS_COMPONENT"""
8163,0.0,63.0,"""HAS_COMPONENT"""
8164,0.0,61.0,"""HAS_COMPONENT"""
8165,0.0,57.0,"""HAS_COMPONENT"""
8166,0.0,64.0,"""HAS_COMPONENT"""
8167,0.0,59.0,"""HAS_COMPONENT"""
8168,0.0,60.0,"""HAS_COMPONENT"""
11569,141.0,135.0,"""HAS_COMPONENT"""
11570,141.0,136.0,"""HAS_COMPONENT"""
11571,141.0,137.0,"""HAS_COMPONENT"""
11572,141.0,134.0,"""HAS_COMPONENT"""
11573,142.0,135.0,"""HAS_COMPONENT"""
11574,142.0,136.0,"""HAS_COMPONENT"""
11575,142.0,137.0,"""HAS_COMPONENT"""
11576,142.0,134.0,"""HAS_COMPONENT"""
11577,143.0,135.0,"""HAS_COMPONENT"""
11578,143.0,136.0,"""HAS_COMPONENT"""
11579,143.0,137.0,"""HAS_COMPONENT"""
11580,143.0,134.0,"""HAS_COMPONENT"""
11581,144.0,135.0,"""HAS_COMPONENT"""
11582,144.0,136.0,"""HAS_COMPONENT"""
11583,144.0,137.0,"""HAS_COMPONENT"""
11584,144.0,134.0,"""HAS_COMPONENT"""
11585,0.0,135.0,"""HAS_COMPONENT"""
11586,0.0,136.0,"""HAS_COMPONENT"""
11587,0.0,137.0,"""HAS_COMPONENT"""
11588,0.0,134.0,"""HAS_COMPONENT"""
15361,51.0,31.0,"""SUPPLY_COMPONENT"""
15362,51.0,34.0,"""SUPPLY_COMPONENT"""
15363,51.0,32.0,"""SUPPLY_COMPONENT"""
15364,51.0,42.0,"""SUPPLY_COMPONENT"""
15365,51.0,21.0,"""SUPPLY_COMPONENT"""
15366,51.0,44.0,"""SUPPLY_COMPONENT"""
15367,51.0,28.0,"""SUPPLY_COMPONENT"""
15368,51.0,22.0,"""SUPPLY_COMPONENT"""
15369,51.0,40.0,"""SUPPLY_COMPONENT"""
15370,51.0,33.0,"""SUPPLY_COMPONENT"""
15371,51.0,41.0,"""SUPPLY_COMPONENT"""
15372,51.0,17.0,"""SUPPLY_COMPONENT"""
15373,51.0,43.0,"""SUPPLY_COMPONENT"""
15374,51.0,27.0,"""SUPPLY_COMPONENT"""
15375,51.0,20.0,"""SUPPLY_COMPONENT"""
15376,51.0,25.0,"""SUPPLY_COMPONENT"""
15377,51.0,24.0,"""SUPPLY_COMPONENT"""
15378,51.0,30.0,"""SUPPLY_COMPONENT"""
15379,51.0,29.0,"""SUPPLY_COMPONENT"""
15380,51.0,26.0,"""SUPPLY_COMPONENT"""
15381,52.0,38.0,"""SUPPLY_COMPONENT"""
15382,52.0,31.0,"""SUPPLY_COMPONENT"""
15383,52.0,34.0,"""SUPPLY_COMPONENT"""
15384,52.0,32.0,"""SUPPLY_COMPONENT"""
15385,52.0,42.0,"""SUPPLY_COMPONENT"""
15386,52.0,21.0,"""SUPPLY_COMPONENT"""
15387,52.0,44.0,"""SUPPLY_COMPONENT"""
15388,52.0,28.0,"""SUPPLY_COMPONENT"""
15389,52.0,23.0,"""SUPPLY_COMPONENT"""
15390,52.0,40.0,"""SUPPLY_COMPONENT"""
15391,52.0,41.0,"""SUPPLY_COMPONENT"""
15392,52.0,43.0,"""SUPPLY_COMPONENT"""
15393,52.0,27.0,"""SUPPLY_COMPONENT"""
15394,52.0,20.0,"""SUPPLY_COMPONENT"""
15395,52.0,25.0,"""SUPPLY_COMPONENT"""
15396,52.0,35.0,"""SUPPLY_COMPONENT"""
15397,52.0,36.0,"""SUPPLY_COMPONENT"""
15398,52.0,39.0,"""SUPPLY_COMPONENT"""
15399,52.0,30.0,"""SUPPLY_COMPONENT"""
15400,52.0,29.0,"""SUPPLY_COMPONENT"""
15401,52.0,26.0,"""SUPPLY_COMPONENT"""
15402,53.0,38.0,"""SUPPLY_COMPONENT"""
15403,53.0,31.0,"""SUPPLY_COMPONENT"""
15404,53.0,34.0,"""SUPPLY_COMPONENT"""
15405,53.0,32.0,"""SUPPLY_COMPONENT"""
15406,53.0,44.0,"""SUPPLY_COMPONENT"""
15407,53.0,28.0,"""SUPPLY_COMPONENT"""
15408,53.0,22.0,"""SUPPLY_COMPONENT"""
15409,53.0,16.0,"""SUPPLY_COMPONENT"""
15410,53.0,40.0,"""SUPPLY_COMPONENT"""
15411,53.0,33.0,"""SUPPLY_COMPONENT"""
15412,53.0,17.0,"""SUPPLY_COMPONENT"""
15413,53.0,43.0,"""SUPPLY_COMPONENT"""
15414,53.0,27.0,"""SUPPLY_COMPONENT"""
15415,53.0,20.0,"""SUPPLY_COMPONENT"""
15416,53.0,25.0,"""SUPPLY_COMPONENT"""
15417,53.0,35.0,"""SUPPLY_COMPONENT"""
15418,53.0,36.0,"""SUPPLY_COMPONENT"""
15419,53.0,24.0,"""SUPPLY_COMPONENT"""
15420,53.0,30.0,"""SUPPLY_COMPONENT"""
15421,53.0,37.0,"""SUPPLY_COMPONENT"""
15422,53.0,29.0,"""SUPPLY_COMPONENT"""
15483,66.0,62.0,"""SUPPLY_COMPONENT"""
15484,66.0,63.0,"""SUPPLY_COMPONENT"""
15485,66.0,57.0,"""SUPPLY_COMPONENT"""
15486,66.0,64.0,"""SUPPLY_COMPONENT"""
15487,66.0,59.0,"""SUPPLY_COMPONENT"""
15488,66.0,60.0,"""SUPPLY_COMPONENT"""
15489,67.0,58.0,"""SUPPLY_COMPONENT"""
15490,67.0,63.0,"""SUPPLY_COMPONENT"""
15491,67.0,61.0,"""SUPPLY_COMPONENT"""
15492,67.0,57.0,"""SUPPLY_COMPONENT"""
15493,67.0,64.0,"""SUPPLY_COMPONENT"""
15494,67.0,59.0,"""SUPPLY_COMPONENT"""
15495,67.0,60.0,"""SUPPLY_COMPONENT"""
15496,68.0,64.0,"""SUPPLY_COMPONENT"""
15497,69.0,58.0,"""SUPPLY_COMPONENT"""
15498,69.0,63.0,"""SUPPLY_COMPONENT"""
15499,69.0,61.0,"""SUPPLY_COMPONENT"""
15500,69.0,57.0,"""SUPPLY_COMPONENT"""
15501,69.0,60.0,"""SUPPLY_COMPONENT"""
15502,70.0,58.0,"""SUPPLY_COMPONENT"""
15503,70.0,63.0,"""SUPPLY_COMPONENT"""
15504,70.0,57.0,"""SUPPLY_COMPONENT"""
15505,70.0,64.0,"""SUPPLY_COMPONENT"""
15506,70.0,59.0,"""SUPPLY_COMPONENT"""
15507,70.0,60.0,"""SUPPLY_COMPONENT"""
15539,5.0,4.0,"""SUPPLY_COMPONENT"""
15540,6.0,4.0,"""SUPPLY_COMPONENT"""
15541,7.0,4.0,"""SUPPLY_COMPONENT"""
15550,141.0,135.0,"""SUPPLY_COMPONENT"""
15551,141.0,136.0,"""SUPPLY_COMPONENT"""
15552,141.0,134.0,"""SUPPLY_COMPONENT"""
15553,142.0,135.0,"""SUPPLY_COMPONENT"""
15554,142.0,137.0,"""SUPPLY_COMPONENT"""
15555,142.0,134.0,"""SUPPLY_COMPONENT"""
15556,143.0,135.0,"""SUPPLY_COMPONENT"""
15557,143.0,136.0,"""SUPPLY_COMPONENT"""
15558,143.0,137.0,"""SUPPLY_COMPONENT"""
15559,143.0,134.0,"""SUPPLY_COMPONENT"""
15560,144.0,135.0,"""SUPPLY_COMPONENT"""
15561,144.0,136.0,"""SUPPLY_COMPONENT"""
15562,144.0,137.0,"""SUPPLY_COMPONENT"""
15584,5.0,199.0,"""SITUATED_IN"""
15585,6.0,150.0,"""SITUATED_IN"""
15586,7.0,201.0,"""SITUATED_IN"""
15593,51.0,198.0,"""SITUATED_IN"""
15594,52.0,148.0,"""SITUATED_IN"""
15595,53.0,199.0,"""SITUATED_IN"""
15599,66.0,199.0,"""SITUATED_IN"""
15601,67.0,73.0,"""SITUATED_IN"""
15602,68.0,71.0,"""SITUATED_IN"""
15603,69.0,55.0,"""SITUATED_IN"""
15604,70.0,3.0,"""SITUATED_IN"""
15609,141.0,15.0,"""SITUATED_IN"""
15613,142.0,92.0,"""SITUATED_IN"""
15614,143.0,3.0,"""SITUATED_IN"""
15615,144.0,71.0,"""SITUATED_IN"""
15621,0.0,38.0,"""MANUFACTURE_COMPONENT"""
15622,0.0,31.0,"""MANUFACTURE_COMPONENT"""
15623,0.0,34.0,"""MANUFACTURE_COMPONENT"""
15624,0.0,32.0,"""MANUFACTURE_COMPONENT"""
15625,0.0,42.0,"""MANUFACTURE_COMPONENT"""
15626,0.0,21.0,"""MANUFACTURE_COMPONENT"""
15627,0.0,28.0,"""MANUFACTURE_COMPONENT"""
15628,0.0,23.0,"""MANUFACTURE_COMPONENT"""
15629,0.0,22.0,"""MANUFACTURE_COMPONENT"""
15630,0.0,33.0,"""MANUFACTURE_COMPONENT"""
15631,0.0,41.0,"""MANUFACTURE_COMPONENT"""
15632,0.0,17.0,"""MANUFACTURE_COMPONENT"""
15633,0.0,43.0,"""MANUFACTURE_COMPONENT"""
15634,0.0,27.0,"""MANUFACTURE_COMPONENT"""
15635,0.0,20.0,"""MANUFACTURE_COMPONENT"""
15636,0.0,25.0,"""MANUFACTURE_COMPONENT"""
15637,0.0,35.0,"""MANUFACTURE_COMPONENT"""
15638,0.0,36.0,"""MANUFACTURE_COMPONENT"""
15639,0.0,24.0,"""MANUFACTURE_COMPONENT"""
15640,0.0,30.0,"""MANUFACTURE_COMPONENT"""
15641,0.0,26.0,"""MANUFACTURE_COMPONENT"""
15642,0.0,58.0,"""MANUFACTURE_COMPONENT"""
15643,0.0,62.0,"""MANUFACTURE_COMPONENT"""
15644,0.0,63.0,"""MANUFACTURE_COMPONENT"""
15645,0.0,61.0,"""MANUFACTURE_COMPONENT"""
15646,0.0,57.0,"""MANUFACTURE_COMPONENT"""
15647,0.0,64.0,"""MANUFACTURE_COMPONENT"""
15648,0.0,135.0,"""MANUFACTURE_COMPONENT"""
15649,0.0,137.0,"""MANUFACTURE_COMPONENT"""
15650,0.0,134.0,"""MANUFACTURE_COMPONENT"""
15651,0.0,146.0,"""SITUATED_IN"""
17081,130.0,3.0,"""SITUATED_IN"""
17082,131.0,3.0,"""SITUATED_IN"""
17083,96.0,8.0,"""SITUATED_IN"""
17084,132.0,11.0,"""SITUATED_IN"""
17085,116.0,13.0,"""SITUATED_IN"""
17086,121.0,15.0,"""SITUATED_IN"""
17087,123.0,15.0,"""SITUATED_IN"""
17088,107.0,45.0,"""SITUATED_IN"""
17089,95.0,50.0,"""SITUATED_IN"""
17090,94.0,50.0,"""SITUATED_IN"""
17091,102.0,55.0,"""SITUATED_IN"""
17092,114.0,55.0,"""SITUATED_IN"""
17093,100.0,71.0,"""SITUATED_IN"""
17094,101.0,71.0,"""SITUATED_IN"""
17095,119.0,73.0,"""SITUATED_IN"""
17096,129.0,73.0,"""SITUATED_IN"""
17097,97.0,74.0,"""SITUATED_IN"""
17098,124.0,76.0,"""SITUATED_IN"""
17099,125.0,85.0,"""SITUATED_IN"""
17100,122.0,87.0,"""SITUATED_IN"""
17101,99.0,88.0,"""SITUATED_IN"""
17102,106.0,89.0,"""SITUATED_IN"""
17103,108.0,92.0,"""SITUATED_IN"""
17104,115.0,92.0,"""SITUATED_IN"""
17105,126.0,133.0,"""SITUATED_IN"""
17106,105.0,138.0,"""SITUATED_IN"""
17107,127.0,146.0,"""SITUATED_IN"""
17108,112.0,148.0,"""SITUATED_IN"""
17109,120.0,148.0,"""SITUATED_IN"""
17110,103.0,149.0,"""SITUATED_IN"""
17111,109.0,150.0,"""SITUATED_IN"""
17112,110.0,150.0,"""SITUATED_IN"""
17113,113.0,194.0,"""SITUATED_IN"""
17114,111.0,198.0,"""SITUATED_IN"""
17115,128.0,198.0,"""SITUATED_IN"""
17116,98.0,199.0,"""SITUATED_IN"""
17117,117.0,199.0,"""SITUATED_IN"""
17118,104.0,201.0,"""SITUATED_IN"""
17119,118.0,201.0,"""SITUATED_IN"""
17120,195.0,13.0,"""SITUATED_IN"""
17121,10.0,8.0,"""SITUATED_IN"""
17122,49.0,71.0,"""SITUATED_IN"""
17123,139.0,198.0,"""SITUATED_IN"""
17124,140.0,87.0,"""SITUATED_IN"""
17125,82.0,150.0,"""SITUATED_IN"""
17126,12.0,11.0,"""SITUATED_IN"""
17127,1.0,149.0,"""SITUATED_IN"""
17128,200.0,55.0,"""SITUATED_IN"""
17129,91.0,74.0,"""SITUATED_IN"""
17130,56.0,133.0,"""SITUATED_IN"""
17131,72.0,88.0,"""SITUATED_IN"""
17132,46.0,138.0,"""SITUATED_IN"""
17133,2.0,76.0,"""SITUATED_IN"""
17134,65.0,148.0,"""SITUATED_IN"""
17135,147.0,146.0,"""SITUATED_IN"""
17136,47.0,201.0,"""SITUATED_IN"""
17137,14.0,92.0,"""SITUATED_IN"""
17138,83.0,85.0,"""SITUATED_IN"""
17139,196.0,15.0,"""SITUATED_IN"""
17140,48.0,199.0,"""SITUATED_IN"""
17141,145.0,50.0,"""SITUATED_IN"""
17142,75.0,3.0,"""SITUATED_IN"""
17143,193.0,194.0,"""SITUATED_IN"""
17144,90.0,73.0,"""SITUATED_IN"""
17145,197.0,45.0,"""SITUATED_IN"""
17146,54.0,89.0,"""SITUATED_IN"""
17147,77.0,76.0,"""HEADQUARTERED_IN"""
17148,78.0,86.0,"""HEADQUARTERED_IN"""
17149,79.0,93.0,"""HEADQUARTERED_IN"""
17150,80.0,15.0,"""HEADQUARTERED_IN"""
17151,81.0,199.0,"""HEADQUARTERED_IN"""
17157,2.0,77.0,"""SERVICED_BY"""
17158,124.0,77.0,"""SERVICED_BY"""
17159,145.0,77.0,"""SERVICED_BY"""
17160,95.0,77.0,"""SERVICED_BY"""
17161,197.0,77.0,"""SERVICED_BY"""
17162,107.0,77.0,"""SERVICED_BY"""
17163,1.0,77.0,"""SERVICED_BY"""
17164,103.0,77.0,"""SERVICED_BY"""
17165,48.0,77.0,"""SERVICED_BY"""
17166,98.0,77.0,"""SERVICED_BY"""
17167,82.0,77.0,"""SERVICED_BY"""
17168,110.0,77.0,"""SERVICED_BY"""
17169,147.0,77.0,"""SERVICED_BY"""
17170,127.0,77.0,"""SERVICED_BY"""
17171,91.0,77.0,"""SERVICED_BY"""
17172,97.0,77.0,"""SERVICED_BY"""
17173,195.0,77.0,"""SERVICED_BY"""
17174,116.0,77.0,"""SERVICED_BY"""
17175,49.0,77.0,"""SERVICED_BY"""
17176,101.0,77.0,"""SERVICED_BY"""
17177,2.0,78.0,"""SERVICED_BY"""
17178,124.0,78.0,"""SERVICED_BY"""
17179,75.0,78.0,"""SERVICED_BY"""
17180,130.0,78.0,"""SERVICED_BY"""
17181,147.0,78.0,"""SERVICED_BY"""
17182,127.0,78.0,"""SERVICED_BY"""
17183,47.0,78.0,"""SERVICED_BY"""
17184,104.0,78.0,"""SERVICED_BY"""
17185,193.0,78.0,"""SERVICED_BY"""
17186,113.0,78.0,"""SERVICED_BY"""
17187,72.0,78.0,"""SERVICED_BY"""
17188,99.0,78.0,"""SERVICED_BY"""
17189,65.0,78.0,"""SERVICED_BY"""
17190,120.0,78.0,"""SERVICED_BY"""
17191,196.0,78.0,"""SERVICED_BY"""
17192,121.0,78.0,"""SERVICED_BY"""
17193,14.0,78.0,"""SERVICED_BY"""
17194,115.0,78.0,"""SERVICED_BY"""
17195,90.0,78.0,"""SERVICED_BY"""
17196,119.0,78.0,"""SERVICED_BY"""
17197,56.0,79.0,"""SERVICED_BY"""
17198,126.0,79.0,"""SERVICED_BY"""
17199,54.0,79.0,"""SERVICED_BY"""
17200,106.0,79.0,"""SERVICED_BY"""
17201,200.0,79.0,"""SERVICED_BY"""
17202,102.0,79.0,"""SERVICED_BY"""
17203,10.0,79.0,"""SERVICED_BY"""
17204,96.0,79.0,"""SERVICED_BY"""
17205,82.0,79.0,"""SERVICED_BY"""
17206,109.0,79.0,"""SERVICED_BY"""
17207,139.0,79.0,"""SERVICED_BY"""
17208,128.0,79.0,"""SERVICED_BY"""
17209,147.0,79.0,"""SERVICED_BY"""
17210,127.0,79.0,"""SERVICED_BY"""
17211,197.0,79.0,"""SERVICED_BY"""
17212,107.0,79.0,"""SERVICED_BY"""
17213,49.0,79.0,"""SERVICED_BY"""
17214,100.0,79.0,"""SERVICED_BY"""
17215,48.0,80.0,"""SERVICED_BY"""
17216,98.0,80.0,"""SERVICED_BY"""
17217,46.0,80.0,"""SERVICED_BY"""
17218,105.0,80.0,"""SERVICED_BY"""
17219,91.0,80.0,"""SERVICED_BY"""
17220,97.0,80.0,"""SERVICED_BY"""
17221,90.0,80.0,"""SERVICED_BY"""
17222,119.0,80.0,"""SERVICED_BY"""
17223,65.0,80.0,"""SERVICED_BY"""
17224,120.0,80.0,"""SERVICED_BY"""
17225,12.0,80.0,"""SERVICED_BY"""
17226,132.0,80.0,"""SERVICED_BY"""
17227,140.0,80.0,"""SERVICED_BY"""
17228,122.0,80.0,"""SERVICED_BY"""
17229,10.0,80.0,"""SERVICED_BY"""
17230,96.0,80.0,"""SERVICED_BY"""
17231,47.0,80.0,"""SERVICED_BY"""
17232,118.0,80.0,"""SERVICED_BY"""
17233,147.0,80.0,"""SERVICED_BY"""
17234,127.0,80.0,"""SERVICED_BY"""
17235,193.0,81.0,"""SERVICED_BY"""
17236,113.0,81.0,"""SERVICED_BY"""
17237,14.0,81.0,"""SERVICED_BY"""
17238,115.0,81.0,"""SERVICED_BY"""
17239,90.0,81.0,"""SERVICED_BY"""
17240,119.0,81.0,"""SERVICED_BY"""
17241,83.0,81.0,"""SERVICED_BY"""
17242,125.0,81.0,"""SERVICED_BY"""
17243,196.0,81.0,"""SERVICED_BY"""
17244,121.0,81.0,"""SERVICED_BY"""
17245,147.0,81.0,"""SERVICED_BY"""
17246,127.0,81.0,"""SERVICED_BY"""
17247,72.0,81.0,"""SERVICED_BY"""
17248,99.0,81.0,"""SERVICED_BY"""
17249,65.0,81.0,"""SERVICED_BY"""
17250,120.0,81.0,"""SERVICED_BY"""
17251,2.0,81.0,"""SERVICED_BY"""
17252,124.0,81.0,"""SERVICED_BY"""
17253,47.0,81.0,"""SERVICED_BY"""
17254,118.0,81.0,"""SERVICED_BY"""
17389,130.0,131.0,"""RECEIVES"""
17390,130.0,99.0,"""RECEIVES"""
17391,130.0,105.0,"""RECEIVES"""
17392,130.0,129.0,"""RECEIVES"""
17393,131.0,130.0,"""RECEIVES"""
17394,131.0,129.0,"""RECEIVES"""
17395,131.0,108.0,"""RECEIVES"""
17396,131.0,124.0,"""RECEIVES"""
17397,131.0,99.0,"""RECEIVES"""
17398,96.0,122.0,"""RECEIVES"""
17399,96.0,111.0,"""RECEIVES"""
17400,96.0,114.0,"""RECEIVES"""
17401,96.0,107.0,"""RECEIVES"""
17402,96.0,101.0,"""RECEIVES"""
17403,132.0,97.0,"""RECEIVES"""
17404,132.0,122.0,"""RECEIVES"""
17405,132.0,95.0,"""RECEIVES"""
17406,116.0,102.0,"""RECEIVES"""
17407,116.0,124.0,"""RECEIVES"""
17408,116.0,111.0,"""RECEIVES"""
17409,116.0,122.0,"""RECEIVES"""
17410,121.0,127.0,"""RECEIVES"""
17411,121.0,112.0,"""RECEIVES"""
17412,121.0,120.0,"""RECEIVES"""
17413,121.0,123.0,"""RECEIVES"""
17414,121.0,124.0,"""RECEIVES"""
17415,123.0,121.0,"""RECEIVES"""
17416,123.0,115.0,"""RECEIVES"""
17417,123.0,127.0,"""RECEIVES"""
17418,123.0,120.0,"""RECEIVES"""
17419,107.0,100.0,"""RECEIVES"""
17420,107.0,101.0,"""RECEIVES"""
17421,107.0,96.0,"""RECEIVES"""
17422,107.0,106.0,"""RECEIVES"""
17423,95.0,94.0,"""RECEIVES"""
17424,95.0,97.0,"""RECEIVES"""
17425,95.0,132.0,"""RECEIVES"""
17426,95.0,129.0,"""RECEIVES"""
17427,95.0,127.0,"""RECEIVES"""
17428,95.0,105.0,"""RECEIVES"""
17429,95.0,114.0,"""RECEIVES"""
17430,94.0,95.0,"""RECEIVES"""
17431,94.0,105.0,"""RECEIVES"""
17432,94.0,127.0,"""RECEIVES"""
17433,94.0,125.0,"""RECEIVES"""
17434,94.0,118.0,"""RECEIVES"""
17435,94.0,132.0,"""RECEIVES"""
17436,94.0,97.0,"""RECEIVES"""
17437,102.0,114.0,"""RECEIVES"""
17438,102.0,126.0,"""RECEIVES"""
17439,102.0,116.0,"""RECEIVES"""
17440,102.0,100.0,"""RECEIVES"""
17441,114.0,102.0,"""RECEIVES"""
17442,114.0,111.0,"""RECEIVES"""
17443,114.0,96.0,"""RECEIVES"""
17444,114.0,126.0,"""RECEIVES"""
17445,114.0,95.0,"""RECEIVES"""
17446,100.0,101.0,"""RECEIVES"""
17447,100.0,102.0,"""RECEIVES"""
17448,100.0,122.0,"""RECEIVES"""
17449,101.0,100.0,"""RECEIVES"""
17450,101.0,96.0,"""RECEIVES"""
17451,101.0,126.0,"""RECEIVES"""
17452,119.0,129.0,"""RECEIVES"""
17453,119.0,127.0,"""RECEIVES"""
17454,119.0,125.0,"""RECEIVES"""
17455,119.0,108.0,"""RECEIVES"""
17456,129.0,119.0,"""RECEIVES"""
17457,129.0,130.0,"""RECEIVES"""
17458,129.0,131.0,"""RECEIVES"""
17459,129.0,108.0,"""RECEIVES"""
17460,129.0,115.0,"""RECEIVES"""
17461,129.0,99.0,"""RECEIVES"""
17462,129.0,95.0,"""RECEIVES"""
17463,97.0,95.0,"""RECEIVES"""
17464,97.0,94.0,"""RECEIVES"""
17465,97.0,132.0,"""RECEIVES"""
17466,97.0,105.0,"""RECEIVES"""
17467,124.0,112.0,"""RECEIVES"""
17468,124.0,120.0,"""RECEIVES"""
17469,124.0,131.0,"""RECEIVES"""
17470,124.0,118.0,"""RECEIVES"""
17471,124.0,127.0,"""RECEIVES"""
17472,124.0,99.0,"""RECEIVES"""
17473,124.0,108.0,"""RECEIVES"""
17474,124.0,121.0,"""RECEIVES"""
17475,124.0,116.0,"""RECEIVES"""
17476,125.0,127.0,"""RECEIVES"""
17477,125.0,119.0,"""RECEIVES"""
17478,125.0,94.0,"""RECEIVES"""
17479,122.0,107.0,"""RECEIVES"""
17480,122.0,106.0,"""RECEIVES"""
17481,122.0,102.0,"""RECEIVES"""
17482,122.0,116.0,"""RECEIVES"""
17483,122.0,132.0,"""RECEIVES"""
17484,122.0,100.0,"""RECEIVES"""
17485,122.0,96.0,"""RECEIVES"""
17486,99.0,130.0,"""RECEIVES"""
17487,99.0,131.0,"""RECEIVES"""
17488,99.0,124.0,"""RECEIVES"""
17489,99.0,129.0,"""RECEIVES"""
17490,106.0,107.0,"""RECEIVES"""
17491,106.0,122.0,"""RECEIVES"""
17492,106.0,111.0,"""RECEIVES"""
17493,108.0,131.0,"""RECEIVES"""
17494,108.0,119.0,"""RECEIVES"""
17495,108.0,129.0,"""RECEIVES"""
17496,108.0,115.0,"""RECEIVES"""
17497,108.0,124.0,"""RECEIVES"""
17498,115.0,123.0,"""RECEIVES"""
17499,115.0,129.0,"""RECEIVES"""
17500,115.0,108.0,"""RECEIVES"""
17501,115.0,127.0,"""RECEIVES"""
17502,115.0,120.0,"""RECEIVES"""
17503,126.0,102.0,"""RECEIVES"""
17504,126.0,114.0,"""RECEIVES"""
17505,126.0,101.0,"""RECEIVES"""
17506,105.0,130.0,"""RECEIVES"""
17507,105.0,95.0,"""RECEIVES"""
17508,105.0,94.0,"""RECEIVES"""
17509,105.0,127.0,"""RECEIVES"""
17510,105.0,97.0,"""RECEIVES"""
17511,127.0,121.0,"""RECEIVES"""
17512,127.0,123.0,"""RECEIVES"""
17513,127.0,95.0,"""RECEIVES"""
17514,127.0,94.0,"""RECEIVES"""
17515,127.0,119.0,"""RECEIVES"""
17516,127.0,124.0,"""RECEIVES"""
17517,127.0,125.0,"""RECEIVES"""
17518,127.0,105.0,"""RECEIVES"""
17519,127.0,115.0,"""RECEIVES"""
17520,127.0,120.0,"""RECEIVES"""
17521,112.0,120.0,"""RECEIVES"""
17522,112.0,121.0,"""RECEIVES"""
17523,112.0,124.0,"""RECEIVES"""
17524,120.0,112.0,"""RECEIVES"""
17525,120.0,121.0,"""RECEIVES"""
17526,120.0,124.0,"""RECEIVES"""
17527,120.0,123.0,"""RECEIVES"""
17528,120.0,127.0,"""RECEIVES"""
17529,120.0,115.0,"""RECEIVES"""
17530,111.0,96.0,"""RECEIVES"""
17531,111.0,114.0,"""RECEIVES"""
17532,111.0,106.0,"""RECEIVES"""
17533,111.0,116.0,"""RECEIVES"""
17534,118.0,94.0,"""RECEIVES"""
17535,118.0,124.0,"""RECEIVES"""
17536,5.0,151.0,"""PLACES"""
17537,0.0,151.0,"""RECEIVES"""
17538,151.0,80.0,"""SENT_TO"""
17539,151.0,4.0,"""CONSISTS_OF"""
17540,6.0,152.0,"""PLACES"""
17541,0.0,152.0,"""RECEIVES"""
17542,152.0,77.0,"""SENT_TO"""
17543,152.0,4.0,"""CONSISTS_OF"""
17544,7.0,155.0,"""PLACES"""
17545,0.0,155.0,"""RECEIVES"""
17547,155.0,4.0,"""CONSISTS_OF"""
17548,5.0,156.0,"""PLACES"""
17549,0.0,156.0,"""RECEIVES"""
17550,156.0,80.0,"""SENT_TO"""
17551,156.0,4.0,"""CONSISTS_OF"""
17552,6.0,157.0,"""PLACES"""
17553,0.0,157.0,"""RECEIVES"""
17554,157.0,77.0,"""SENT_TO"""
17555,157.0,4.0,"""CONSISTS_OF"""
17556,7.0,158.0,"""PLACES"""
17557,0.0,158.0,"""RECEIVES"""
17559,158.0,4.0,"""CONSISTS_OF"""
17560,5.0,159.0,"""PLACES"""
17561,0.0,159.0,"""RECEIVES"""
17562,159.0,80.0,"""SENT_TO"""
17563,159.0,4.0,"""CONSISTS_OF"""
17564,6.0,160.0,"""PLACES"""
17565,0.0,160.0,"""RECEIVES"""
17566,160.0,77.0,"""SENT_TO"""
17567,160.0,4.0,"""CONSISTS_OF"""
17568,7.0,161.0,"""PLACES"""
17569,0.0,161.0,"""RECEIVES"""
17571,161.0,4.0,"""CONSISTS_OF"""
17572,5.0,162.0,"""PLACES"""
17573,0.0,162.0,"""RECEIVES"""
17574,162.0,80.0,"""SENT_TO"""
17575,162.0,4.0,"""CONSISTS_OF"""
17576,6.0,153.0,"""PLACES"""
17577,0.0,153.0,"""RECEIVES"""
17578,153.0,77.0,"""SENT_TO"""
17579,153.0,4.0,"""CONSISTS_OF"""
17580,7.0,154.0,"""PLACES"""
17581,0.0,154.0,"""RECEIVES"""
17583,154.0,4.0,"""CONSISTS_OF"""
17584,51.0,163.0,"""PLACES"""
17585,0.0,163.0,"""RECEIVES"""
17586,163.0,79.0,"""SENT_TO"""
17587,163.0,38.0,"""CONSISTS_OF"""
17588,163.0,31.0,"""CONSISTS_OF"""
17589,163.0,34.0,"""CONSISTS_OF"""
17590,163.0,32.0,"""CONSISTS_OF"""
17591,163.0,18.0,"""CONSISTS_OF"""
17592,163.0,42.0,"""CONSISTS_OF"""
17593,163.0,21.0,"""CONSISTS_OF"""
17594,163.0,44.0,"""CONSISTS_OF"""
17595,163.0,28.0,"""CONSISTS_OF"""
17596,163.0,23.0,"""CONSISTS_OF"""
17597,163.0,22.0,"""CONSISTS_OF"""
17598,163.0,16.0,"""CONSISTS_OF"""
17599,163.0,40.0,"""CONSISTS_OF"""
17600,163.0,33.0,"""CONSISTS_OF"""
17601,163.0,41.0,"""CONSISTS_OF"""
17602,163.0,17.0,"""CONSISTS_OF"""
17603,163.0,43.0,"""CONSISTS_OF"""
17604,163.0,27.0,"""CONSISTS_OF"""
17605,163.0,20.0,"""CONSISTS_OF"""
17606,163.0,25.0,"""CONSISTS_OF"""
17607,163.0,35.0,"""CONSISTS_OF"""
17608,163.0,36.0,"""CONSISTS_OF"""
17609,163.0,39.0,"""CONSISTS_OF"""
17610,163.0,24.0,"""CONSISTS_OF"""
17611,163.0,30.0,"""CONSISTS_OF"""
17612,163.0,37.0,"""CONSISTS_OF"""
17613,163.0,29.0,"""CONSISTS_OF"""
17614,163.0,26.0,"""CONSISTS_OF"""
17615,163.0,19.0,"""CONSISTS_OF"""
17616,52.0,164.0,"""PLACES"""
17617,0.0,164.0,"""RECEIVES"""
17619,164.0,38.0,"""CONSISTS_OF"""
17620,164.0,31.0,"""CONSISTS_OF"""
17621,164.0,34.0,"""CONSISTS_OF"""
17622,164.0,32.0,"""CONSISTS_OF"""
17623,164.0,18.0,"""CONSISTS_OF"""
17624,164.0,42.0,"""CONSISTS_OF"""
17625,164.0,21.0,"""CONSISTS_OF"""
17626,164.0,44.0,"""CONSISTS_OF"""
17627,164.0,28.0,"""CONSISTS_OF"""
17628,164.0,23.0,"""CONSISTS_OF"""
17629,164.0,22.0,"""CONSISTS_OF"""
17630,164.0,16.0,"""CONSISTS_OF"""
17631,164.0,40.0,"""CONSISTS_OF"""
17632,164.0,33.0,"""CONSISTS_OF"""
17633,164.0,41.0,"""CONSISTS_OF"""
17634,164.0,17.0,"""CONSISTS_OF"""
17635,164.0,43.0,"""CONSISTS_OF"""
17636,164.0,27.0,"""CONSISTS_OF"""
17637,164.0,20.0,"""CONSISTS_OF"""
17638,164.0,25.0,"""CONSISTS_OF"""
17639,164.0,35.0,"""CONSISTS_OF"""
17640,164.0,36.0,"""CONSISTS_OF"""
17641,164.0,39.0,"""CONSISTS_OF"""
17642,164.0,24.0,"""CONSISTS_OF"""
17643,164.0,30.0,"""CONSISTS_OF"""
17644,164.0,37.0,"""CONSISTS_OF"""
17645,164.0,29.0,"""CONSISTS_OF"""
17646,164.0,26.0,"""CONSISTS_OF"""
17647,164.0,19.0,"""CONSISTS_OF"""
17648,53.0,167.0,"""PLACES"""
17649,0.0,167.0,"""RECEIVES"""
17650,167.0,77.0,"""SENT_TO"""
17651,167.0,38.0,"""CONSISTS_OF"""
17652,167.0,31.0,"""CONSISTS_OF"""
17653,167.0,34.0,"""CONSISTS_OF"""
17654,167.0,32.0,"""CONSISTS_OF"""
17655,167.0,18.0,"""CONSISTS_OF"""
17656,167.0,42.0,"""CONSISTS_OF"""
17657,167.0,21.0,"""CONSISTS_OF"""
17658,167.0,44.0,"""CONSISTS_OF"""
17659,167.0,28.0,"""CONSISTS_OF"""
17660,167.0,23.0,"""CONSISTS_OF"""
17661,167.0,22.0,"""CONSISTS_OF"""
17662,167.0,16.0,"""CONSISTS_OF"""
17663,167.0,40.0,"""CONSISTS_OF"""
17664,167.0,33.0,"""CONSISTS_OF"""
17665,167.0,41.0,"""CONSISTS_OF"""
17666,167.0,17.0,"""CONSISTS_OF"""
17667,167.0,43.0,"""CONSISTS_OF"""
17668,167.0,27.0,"""CONSISTS_OF"""
17669,167.0,20.0,"""CONSISTS_OF"""
17670,167.0,25.0,"""CONSISTS_OF"""
17671,167.0,35.0,"""CONSISTS_OF"""
17672,167.0,36.0,"""CONSISTS_OF"""
17673,167.0,39.0,"""CONSISTS_OF"""
17674,167.0,24.0,"""CONSISTS_OF"""
17675,167.0,30.0,"""CONSISTS_OF"""
17676,167.0,37.0,"""CONSISTS_OF"""
17677,167.0,29.0,"""CONSISTS_OF"""
17678,167.0,26.0,"""CONSISTS_OF"""
17679,167.0,19.0,"""CONSISTS_OF"""
17680,51.0,168.0,"""PLACES"""
17681,0.0,168.0,"""RECEIVES"""
17682,168.0,79.0,"""SENT_TO"""
17683,168.0,38.0,"""CONSISTS_OF"""
17684,168.0,31.0,"""CONSISTS_OF"""
17685,168.0,34.0,"""CONSISTS_OF"""
17686,168.0,32.0,"""CONSISTS_OF"""
17687,168.0,18.0,"""CONSISTS_OF"""
17688,168.0,42.0,"""CONSISTS_OF"""
17689,168.0,21.0,"""CONSISTS_OF"""
17690,168.0,44.0,"""CONSISTS_OF"""
17691,168.0,28.0,"""CONSISTS_OF"""
17692,168.0,23.0,"""CONSISTS_OF"""
17693,168.0,22.0,"""CONSISTS_OF"""
17694,168.0,16.0,"""CONSISTS_OF"""
17695,168.0,40.0,"""CONSISTS_OF"""
17696,168.0,33.0,"""CONSISTS_OF"""
17697,168.0,41.0,"""CONSISTS_OF"""
17698,168.0,17.0,"""CONSISTS_OF"""
17699,168.0,43.0,"""CONSISTS_OF"""
17700,168.0,27.0,"""CONSISTS_OF"""
17701,168.0,20.0,"""CONSISTS_OF"""
17702,168.0,25.0,"""CONSISTS_OF"""
17703,168.0,35.0,"""CONSISTS_OF"""
17704,168.0,36.0,"""CONSISTS_OF"""
17705,168.0,39.0,"""CONSISTS_OF"""
17706,168.0,24.0,"""CONSISTS_OF"""
17707,168.0,30.0,"""CONSISTS_OF"""
17708,168.0,37.0,"""CONSISTS_OF"""
17709,168.0,29.0,"""CONSISTS_OF"""
17710,168.0,26.0,"""CONSISTS_OF"""
17711,168.0,19.0,"""CONSISTS_OF"""
17712,52.0,169.0,"""PLACES"""
17713,0.0,169.0,"""RECEIVES"""
17715,169.0,38.0,"""CONSISTS_OF"""
17716,169.0,31.0,"""CONSISTS_OF"""
17717,169.0,34.0,"""CONSISTS_OF"""
17718,169.0,32.0,"""CONSISTS_OF"""
17719,169.0,18.0,"""CONSISTS_OF"""
17720,169.0,42.0,"""CONSISTS_OF"""
17721,169.0,21.0,"""CONSISTS_OF"""
17722,169.0,44.0,"""CONSISTS_OF"""
17723,169.0,28.0,"""CONSISTS_OF"""
17724,169.0,23.0,"""CONSISTS_OF"""
17725,169.0,22.0,"""CONSISTS_OF"""
17726,169.0,16.0,"""CONSISTS_OF"""
17727,169.0,40.0,"""CONSISTS_OF"""
17728,169.0,33.0,"""CONSISTS_OF"""
17729,169.0,41.0,"""CONSISTS_OF"""
17730,169.0,17.0,"""CONSISTS_OF"""
17731,169.0,43.0,"""CONSISTS_OF"""
17732,169.0,27.0,"""CONSISTS_OF"""
17733,169.0,20.0,"""CONSISTS_OF"""
17734,169.0,25.0,"""CONSISTS_OF"""
17735,169.0,35.0,"""CONSISTS_OF"""
17736,169.0,36.0,"""CONSISTS_OF"""
17737,169.0,39.0,"""CONSISTS_OF"""
17738,169.0,24.0,"""CONSISTS_OF"""
17739,169.0,30.0,"""CONSISTS_OF"""
17740,169.0,37.0,"""CONSISTS_OF"""
17741,169.0,29.0,"""CONSISTS_OF"""
17742,169.0,26.0,"""CONSISTS_OF"""
17743,169.0,19.0,"""CONSISTS_OF"""
17744,53.0,170.0,"""PLACES"""
17745,0.0,170.0,"""RECEIVES"""
17746,170.0,77.0,"""SENT_TO"""
17747,170.0,38.0,"""CONSISTS_OF"""
17748,170.0,31.0,"""CONSISTS_OF"""
17749,170.0,34.0,"""CONSISTS_OF"""
17750,170.0,32.0,"""CONSISTS_OF"""
17751,170.0,18.0,"""CONSISTS_OF"""
17752,170.0,42.0,"""CONSISTS_OF"""
17753,170.0,21.0,"""CONSISTS_OF"""
17754,170.0,44.0,"""CONSISTS_OF"""
17755,170.0,28.0,"""CONSISTS_OF"""
17756,170.0,23.0,"""CONSISTS_OF"""
17757,170.0,22.0,"""CONSISTS_OF"""
17758,170.0,16.0,"""CONSISTS_OF"""
17759,170.0,40.0,"""CONSISTS_OF"""
17760,170.0,33.0,"""CONSISTS_OF"""
17761,170.0,41.0,"""CONSISTS_OF"""
17762,170.0,17.0,"""CONSISTS_OF"""
17763,170.0,43.0,"""CONSISTS_OF"""
17764,170.0,27.0,"""CONSISTS_OF"""
17765,170.0,20.0,"""CONSISTS_OF"""
17766,170.0,25.0,"""CONSISTS_OF"""
17767,170.0,35.0,"""CONSISTS_OF"""
17768,170.0,36.0,"""CONSISTS_OF"""
17769,170.0,39.0,"""CONSISTS_OF"""
17770,170.0,24.0,"""CONSISTS_OF"""
17771,170.0,30.0,"""CONSISTS_OF"""
17772,170.0,37.0,"""CONSISTS_OF"""
17773,170.0,29.0,"""CONSISTS_OF"""
17774,170.0,26.0,"""CONSISTS_OF"""
17775,170.0,19.0,"""CONSISTS_OF"""
17776,51.0,171.0,"""PLACES"""
17777,0.0,171.0,"""RECEIVES"""
17778,171.0,79.0,"""SENT_TO"""
17779,171.0,38.0,"""CONSISTS_OF"""
17780,171.0,31.0,"""CONSISTS_OF"""
17781,171.0,34.0,"""CONSISTS_OF"""
17782,171.0,32.0,"""CONSISTS_OF"""
17783,171.0,18.0,"""CONSISTS_OF"""
17784,171.0,42.0,"""CONSISTS_OF"""
17785,171.0,21.0,"""CONSISTS_OF"""
17786,171.0,44.0,"""CONSISTS_OF"""
17787,171.0,28.0,"""CONSISTS_OF"""
17788,171.0,23.0,"""CONSISTS_OF"""
17789,171.0,22.0,"""CONSISTS_OF"""
17790,171.0,16.0,"""CONSISTS_OF"""
17791,171.0,40.0,"""CONSISTS_OF"""
17792,171.0,33.0,"""CONSISTS_OF"""
17793,171.0,41.0,"""CONSISTS_OF"""
17794,171.0,17.0,"""CONSISTS_OF"""
17795,171.0,43.0,"""CONSISTS_OF"""
17796,171.0,27.0,"""CONSISTS_OF"""
17797,171.0,20.0,"""CONSISTS_OF"""
17798,171.0,25.0,"""CONSISTS_OF"""
17799,171.0,35.0,"""CONSISTS_OF"""
17800,171.0,36.0,"""CONSISTS_OF"""
17801,171.0,39.0,"""CONSISTS_OF"""
17802,171.0,24.0,"""CONSISTS_OF"""
17803,171.0,30.0,"""CONSISTS_OF"""
17804,171.0,37.0,"""CONSISTS_OF"""
17805,171.0,29.0,"""CONSISTS_OF"""
17806,171.0,26.0,"""CONSISTS_OF"""
17807,171.0,19.0,"""CONSISTS_OF"""
17808,52.0,172.0,"""PLACES"""
17809,0.0,172.0,"""RECEIVES"""
17811,172.0,38.0,"""CONSISTS_OF"""
17812,172.0,31.0,"""CONSISTS_OF"""
17813,172.0,34.0,"""CONSISTS_OF"""
17814,172.0,32.0,"""CONSISTS_OF"""
17815,172.0,18.0,"""CONSISTS_OF"""
17816,172.0,42.0,"""CONSISTS_OF"""
17817,172.0,21.0,"""CONSISTS_OF"""
17818,172.0,44.0,"""CONSISTS_OF"""
17819,172.0,28.0,"""CONSISTS_OF"""
17820,172.0,23.0,"""CONSISTS_OF"""
17821,172.0,22.0,"""CONSISTS_OF"""
17822,172.0,16.0,"""CONSISTS_OF"""
17823,172.0,40.0,"""CONSISTS_OF"""
17824,172.0,33.0,"""CONSISTS_OF"""
17825,172.0,41.0,"""CONSISTS_OF"""
17826,172.0,17.0,"""CONSISTS_OF"""
17827,172.0,43.0,"""CONSISTS_OF"""
17828,172.0,27.0,"""CONSISTS_OF"""
17829,172.0,20.0,"""CONSISTS_OF"""
17830,172.0,25.0,"""CONSISTS_OF"""
17831,172.0,35.0,"""CONSISTS_OF"""
17832,172.0,36.0,"""CONSISTS_OF"""
17833,172.0,39.0,"""CONSISTS_OF"""
17834,172.0,24.0,"""CONSISTS_OF"""
17835,172.0,30.0,"""CONSISTS_OF"""
17836,172.0,37.0,"""CONSISTS_OF"""
17837,172.0,29.0,"""CONSISTS_OF"""
17838,172.0,26.0,"""CONSISTS_OF"""
17839,172.0,19.0,"""CONSISTS_OF"""
17840,53.0,173.0,"""PLACES"""
17841,0.0,173.0,"""RECEIVES"""
17842,173.0,77.0,"""SENT_TO"""
17843,173.0,38.0,"""CONSISTS_OF"""
17844,173.0,31.0,"""CONSISTS_OF"""
17845,173.0,34.0,"""CONSISTS_OF"""
17846,173.0,32.0,"""CONSISTS_OF"""
17847,173.0,18.0,"""CONSISTS_OF"""
17848,173.0,42.0,"""CONSISTS_OF"""
17849,173.0,21.0,"""CONSISTS_OF"""
17850,173.0,44.0,"""CONSISTS_OF"""
17851,173.0,28.0,"""CONSISTS_OF"""
17852,173.0,23.0,"""CONSISTS_OF"""
17853,173.0,22.0,"""CONSISTS_OF"""
17854,173.0,16.0,"""CONSISTS_OF"""
17855,173.0,40.0,"""CONSISTS_OF"""
17856,173.0,33.0,"""CONSISTS_OF"""
17857,173.0,41.0,"""CONSISTS_OF"""
17858,173.0,17.0,"""CONSISTS_OF"""
17859,173.0,43.0,"""CONSISTS_OF"""
17860,173.0,27.0,"""CONSISTS_OF"""
17861,173.0,20.0,"""CONSISTS_OF"""
17862,173.0,25.0,"""CONSISTS_OF"""
17863,173.0,35.0,"""CONSISTS_OF"""
17864,173.0,36.0,"""CONSISTS_OF"""
17865,173.0,39.0,"""CONSISTS_OF"""
17866,173.0,24.0,"""CONSISTS_OF"""
17867,173.0,30.0,"""CONSISTS_OF"""
17868,173.0,37.0,"""CONSISTS_OF"""
17869,173.0,29.0,"""CONSISTS_OF"""
17870,173.0,26.0,"""CONSISTS_OF"""
17871,173.0,19.0,"""CONSISTS_OF"""
17872,51.0,174.0,"""PLACES"""
17873,0.0,174.0,"""RECEIVES"""
17874,174.0,79.0,"""SENT_TO"""
17875,174.0,38.0,"""CONSISTS_OF"""
17876,174.0,31.0,"""CONSISTS_OF"""
17877,174.0,34.0,"""CONSISTS_OF"""
17878,174.0,32.0,"""CONSISTS_OF"""
17879,174.0,18.0,"""CONSISTS_OF"""
17880,174.0,42.0,"""CONSISTS_OF"""
17881,174.0,21.0,"""CONSISTS_OF"""
17882,174.0,44.0,"""CONSISTS_OF"""
17883,174.0,28.0,"""CONSISTS_OF"""
17884,174.0,23.0,"""CONSISTS_OF"""
17885,174.0,22.0,"""CONSISTS_OF"""
17886,174.0,16.0,"""CONSISTS_OF"""
17887,174.0,40.0,"""CONSISTS_OF"""
17888,174.0,33.0,"""CONSISTS_OF"""
17889,174.0,41.0,"""CONSISTS_OF"""
17890,174.0,17.0,"""CONSISTS_OF"""
17891,174.0,43.0,"""CONSISTS_OF"""
17892,174.0,27.0,"""CONSISTS_OF"""
17893,174.0,20.0,"""CONSISTS_OF"""
17894,174.0,25.0,"""CONSISTS_OF"""
17895,174.0,35.0,"""CONSISTS_OF"""
17896,174.0,36.0,"""CONSISTS_OF"""
17897,174.0,39.0,"""CONSISTS_OF"""
17898,174.0,24.0,"""CONSISTS_OF"""
17899,174.0,30.0,"""CONSISTS_OF"""
17900,174.0,37.0,"""CONSISTS_OF"""
17901,174.0,29.0,"""CONSISTS_OF"""
17902,174.0,26.0,"""CONSISTS_OF"""
17903,174.0,19.0,"""CONSISTS_OF"""
17904,52.0,165.0,"""PLACES"""
17905,0.0,165.0,"""RECEIVES"""
17907,165.0,38.0,"""CONSISTS_OF"""
17908,165.0,31.0,"""CONSISTS_OF"""
17909,165.0,34.0,"""CONSISTS_OF"""
17910,165.0,32.0,"""CONSISTS_OF"""
17911,165.0,18.0,"""CONSISTS_OF"""
17912,165.0,42.0,"""CONSISTS_OF"""
17913,165.0,21.0,"""CONSISTS_OF"""
17914,165.0,44.0,"""CONSISTS_OF"""
17915,165.0,28.0,"""CONSISTS_OF"""
17916,165.0,23.0,"""CONSISTS_OF"""
17917,165.0,22.0,"""CONSISTS_OF"""
17918,165.0,16.0,"""CONSISTS_OF"""
17919,165.0,40.0,"""CONSISTS_OF"""
17920,165.0,33.0,"""CONSISTS_OF"""
17921,165.0,41.0,"""CONSISTS_OF"""
17922,165.0,17.0,"""CONSISTS_OF"""
17923,165.0,43.0,"""CONSISTS_OF"""
17924,165.0,27.0,"""CONSISTS_OF"""
17925,165.0,20.0,"""CONSISTS_OF"""
17926,165.0,25.0,"""CONSISTS_OF"""
17927,165.0,35.0,"""CONSISTS_OF"""
17928,165.0,36.0,"""CONSISTS_OF"""
17929,165.0,39.0,"""CONSISTS_OF"""
17930,165.0,24.0,"""CONSISTS_OF"""
17931,165.0,30.0,"""CONSISTS_OF"""
17932,165.0,37.0,"""CONSISTS_OF"""
17933,165.0,29.0,"""CONSISTS_OF"""
17934,165.0,26.0,"""CONSISTS_OF"""
17935,165.0,19.0,"""CONSISTS_OF"""
17936,53.0,166.0,"""PLACES"""
17937,0.0,166.0,"""RECEIVES"""
17938,166.0,77.0,"""SENT_TO"""
17939,166.0,38.0,"""CONSISTS_OF"""
17940,166.0,31.0,"""CONSISTS_OF"""
17941,166.0,34.0,"""CONSISTS_OF"""
17942,166.0,32.0,"""CONSISTS_OF"""
17943,166.0,18.0,"""CONSISTS_OF"""
17944,166.0,42.0,"""CONSISTS_OF"""
17945,166.0,21.0,"""CONSISTS_OF"""
17946,166.0,44.0,"""CONSISTS_OF"""
17947,166.0,28.0,"""CONSISTS_OF"""
17948,166.0,23.0,"""CONSISTS_OF"""
17949,166.0,22.0,"""CONSISTS_OF"""
17950,166.0,16.0,"""CONSISTS_OF"""
17951,166.0,40.0,"""CONSISTS_OF"""
17952,166.0,33.0,"""CONSISTS_OF"""
17953,166.0,41.0,"""CONSISTS_OF"""
17954,166.0,17.0,"""CONSISTS_OF"""
17955,166.0,43.0,"""CONSISTS_OF"""
17956,166.0,27.0,"""CONSISTS_OF"""
17957,166.0,20.0,"""CONSISTS_OF"""
17958,166.0,25.0,"""CONSISTS_OF"""
17959,166.0,35.0,"""CONSISTS_OF"""
17960,166.0,36.0,"""CONSISTS_OF"""
17961,166.0,39.0,"""CONSISTS_OF"""
17962,166.0,24.0,"""CONSISTS_OF"""
17963,166.0,30.0,"""CONSISTS_OF"""
17964,166.0,37.0,"""CONSISTS_OF"""
17965,166.0,29.0,"""CONSISTS_OF"""
17966,166.0,26.0,"""CONSISTS_OF"""
17967,166.0,19.0,"""CONSISTS_OF"""
17968,66.0,175.0,"""PLACES"""
17969,0.0,175.0,"""RECEIVES"""
17970,175.0,77.0,"""SENT_TO"""
17971,175.0,58.0,"""CONSISTS_OF"""
17972,175.0,62.0,"""CONSISTS_OF"""
17973,175.0,63.0,"""CONSISTS_OF"""
17974,175.0,61.0,"""CONSISTS_OF"""
17975,175.0,57.0,"""CONSISTS_OF"""
17976,175.0,64.0,"""CONSISTS_OF"""
17977,175.0,59.0,"""CONSISTS_OF"""
17978,175.0,60.0,"""CONSISTS_OF"""
17979,67.0,176.0,"""PLACES"""
17980,0.0,176.0,"""RECEIVES"""
17981,176.0,78.0,"""SENT_TO"""
17982,176.0,58.0,"""CONSISTS_OF"""
17983,176.0,62.0,"""CONSISTS_OF"""
17984,176.0,63.0,"""CONSISTS_OF"""
17985,176.0,61.0,"""CONSISTS_OF"""
17986,176.0,57.0,"""CONSISTS_OF"""
17987,176.0,64.0,"""CONSISTS_OF"""
17988,176.0,59.0,"""CONSISTS_OF"""
17989,176.0,60.0,"""CONSISTS_OF"""
17990,68.0,177.0,"""PLACES"""
17991,0.0,177.0,"""RECEIVES"""
17992,177.0,77.0,"""SENT_TO"""
17993,177.0,58.0,"""CONSISTS_OF"""
17994,177.0,62.0,"""CONSISTS_OF"""
17995,177.0,63.0,"""CONSISTS_OF"""
17996,177.0,61.0,"""CONSISTS_OF"""
17997,177.0,57.0,"""CONSISTS_OF"""
17998,177.0,64.0,"""CONSISTS_OF"""
17999,177.0,59.0,"""CONSISTS_OF"""
18000,177.0,60.0,"""CONSISTS_OF"""
18001,69.0,178.0,"""PLACES"""
18002,0.0,178.0,"""RECEIVES"""
18003,178.0,79.0,"""SENT_TO"""
18004,178.0,58.0,"""CONSISTS_OF"""
18005,178.0,62.0,"""CONSISTS_OF"""
18006,178.0,63.0,"""CONSISTS_OF"""
18007,178.0,61.0,"""CONSISTS_OF"""
18008,178.0,57.0,"""CONSISTS_OF"""
18009,178.0,64.0,"""CONSISTS_OF"""
18010,178.0,59.0,"""CONSISTS_OF"""
18011,178.0,60.0,"""CONSISTS_OF"""
18012,70.0,179.0,"""PLACES"""
18013,0.0,179.0,"""RECEIVES"""
18015,179.0,58.0,"""CONSISTS_OF"""
18016,179.0,62.0,"""CONSISTS_OF"""
18017,179.0,63.0,"""CONSISTS_OF"""
18018,179.0,61.0,"""CONSISTS_OF"""
18019,179.0,57.0,"""CONSISTS_OF"""
18020,179.0,64.0,"""CONSISTS_OF"""
18021,179.0,59.0,"""CONSISTS_OF"""
18022,179.0,60.0,"""CONSISTS_OF"""
18023,66.0,180.0,"""PLACES"""
18024,0.0,180.0,"""RECEIVES"""
18025,180.0,77.0,"""SENT_TO"""
18026,180.0,58.0,"""CONSISTS_OF"""
18027,180.0,62.0,"""CONSISTS_OF"""
18028,180.0,63.0,"""CONSISTS_OF"""
18029,180.0,61.0,"""CONSISTS_OF"""
18030,180.0,57.0,"""CONSISTS_OF"""
18031,180.0,64.0,"""CONSISTS_OF"""
18032,180.0,59.0,"""CONSISTS_OF"""
18033,180.0,60.0,"""CONSISTS_OF"""
18034,67.0,181.0,"""PLACES"""
18035,0.0,181.0,"""RECEIVES"""
18036,181.0,78.0,"""SENT_TO"""
18037,181.0,58.0,"""CONSISTS_OF"""
18038,181.0,62.0,"""CONSISTS_OF"""
18039,181.0,63.0,"""CONSISTS_OF"""
18040,181.0,61.0,"""CONSISTS_OF"""
18041,181.0,57.0,"""CONSISTS_OF"""
18042,181.0,64.0,"""CONSISTS_OF"""
18043,181.0,59.0,"""CONSISTS_OF"""
18044,181.0,60.0,"""CONSISTS_OF"""
18045,68.0,182.0,"""PLACES"""
18046,0.0,182.0,"""RECEIVES"""
18047,182.0,77.0,"""SENT_TO"""
18048,182.0,58.0,"""CONSISTS_OF"""
18049,182.0,62.0,"""CONSISTS_OF"""
18050,182.0,63.0,"""CONSISTS_OF"""
18051,182.0,61.0,"""CONSISTS_OF"""
18052,182.0,57.0,"""CONSISTS_OF"""
18053,182.0,64.0,"""CONSISTS_OF"""
18054,182.0,59.0,"""CONSISTS_OF"""
18055,182.0,60.0,"""CONSISTS_OF"""
18056,69.0,183.0,"""PLACES"""
18057,0.0,183.0,"""RECEIVES"""
18058,183.0,79.0,"""SENT_TO"""
18059,183.0,58.0,"""CONSISTS_OF"""
18060,183.0,62.0,"""CONSISTS_OF"""
18061,183.0,63.0,"""CONSISTS_OF"""
18062,183.0,61.0,"""CONSISTS_OF"""
18063,183.0,57.0,"""CONSISTS_OF"""
18064,183.0,64.0,"""CONSISTS_OF"""
18065,183.0,59.0,"""CONSISTS_OF"""
18066,183.0,60.0,"""CONSISTS_OF"""
18067,70.0,184.0,"""PLACES"""
18068,0.0,184.0,"""RECEIVES"""
18070,184.0,58.0,"""CONSISTS_OF"""
18071,184.0,62.0,"""CONSISTS_OF"""
18072,184.0,63.0,"""CONSISTS_OF"""
18073,184.0,61.0,"""CONSISTS_OF"""
18074,184.0,57.0,"""CONSISTS_OF"""
18075,184.0,64.0,"""CONSISTS_OF"""
18076,184.0,59.0,"""CONSISTS_OF"""
18077,184.0,60.0,"""CONSISTS_OF"""
18078,141.0,185.0,"""PLACES"""
18079,0.0,185.0,"""RECEIVES"""
18080,185.0,81.0,"""SENT_TO"""
18081,185.0,135.0,"""CONSISTS_OF"""
18082,185.0,136.0,"""CONSISTS_OF"""
18083,185.0,137.0,"""CONSISTS_OF"""
18084,185.0,134.0,"""CONSISTS_OF"""
18085,142.0,186.0,"""PLACES"""
18086,0.0,186.0,"""RECEIVES"""
18088,186.0,135.0,"""CONSISTS_OF"""
18089,186.0,136.0,"""CONSISTS_OF"""
18090,186.0,137.0,"""CONSISTS_OF"""
18091,186.0,134.0,"""CONSISTS_OF"""
18092,143.0,187.0,"""PLACES"""
18093,0.0,187.0,"""RECEIVES"""
18095,187.0,135.0,"""CONSISTS_OF"""
18096,187.0,136.0,"""CONSISTS_OF"""
18097,187.0,137.0,"""CONSISTS_OF"""
18098,187.0,134.0,"""CONSISTS_OF"""
18099,144.0,188.0,"""PLACES"""
18100,0.0,188.0,"""RECEIVES"""
18102,188.0,135.0,"""CONSISTS_OF"""
18103,188.0,136.0,"""CONSISTS_OF"""
18104,188.0,137.0,"""CONSISTS_OF"""
18105,188.0,134.0,"""CONSISTS_OF"""
18106,141.0,189.0,"""PLACES"""
18107,0.0,189.0,"""RECEIVES"""
18108,189.0,81.0,"""SENT_TO"""
18109,189.0,135.0,"""CONSISTS_OF"""
18110,189.0,136.0,"""CONSISTS_OF"""
18111,189.0,137.0,"""CONSISTS_OF"""
18112,189.0,134.0,"""CONSISTS_OF"""
18113,142.0,190.0,"""PLACES"""
18114,0.0,190.0,"""RECEIVES"""
18116,190.0,135.0,"""CONSISTS_OF"""
18117,190.0,136.0,"""CONSISTS_OF"""
18118,190.0,137.0,"""CONSISTS_OF"""
18119,190.0,134.0,"""CONSISTS_OF"""
18120,143.0,191.0,"""PLACES"""
18121,0.0,191.0,"""RECEIVES"""
18123,191.0,135.0,"""CONSISTS_OF"""
18124,191.0,136.0,"""CONSISTS_OF"""
18125,191.0,137.0,"""CONSISTS_OF"""
18126,191.0,134.0,"""CONSISTS_OF"""
18127,144.0,192.0,"""PLACES"""
18128,0.0,192.0,"""RECEIVES"""
18130,192.0,135.0,"""CONSISTS_OF"""
18131,192.0,136.0,"""CONSISTS_OF"""
18132,192.0,137.0,"""CONSISTS_OF"""
18133,192.0,134.0,"""CONSISTS_OF"""
